Paulista|1|Inter de Limeira|São Bernardo FC|Limeira|São Paulo|Estádio Major José Levy Sobrinho|14/01/2023|09:00|KIT1|Estádio Major José Levy Sobrinho->Estádio Major José Levy Sobrinho|0|0:00
Paulista|1|Portuguesa|Botafogo SP|São Paulo|São Paulo|Estádio Dr. Oswaldo Teixeira Duarte|14/01/2023|13:30|KIT2|Estádio Dr. Oswaldo Teixeira Duarte->Estádio Dr. Oswaldo Teixeira Duarte|0|0:00
Paulista|1|Santo André|Guarani|Santo André|São Paulo|Estádio Bruno José Daniel|14/01/2023|14:00|KIT3|Estádio Bruno José Daniel->Estádio Bruno José Daniel|0|0:00
Paulista|1|Palmeiras|San Bento|São Paulo|São Paulo|Allianz Parque|14/01/2023|16:30|KIT4|Allianz Parque->Allianz Parque|0|0:00
Paulista|1|Santos|Mirassol|Santos|São Paulo|Estádio Urbano Caldeira|14/01/2023|18:30|KIT5|Estádio Urbano Caldeira->Estádio Urbano Caldeira|0|0:00
Paulista|1|Água Santa|Ferroviária|São Paulo|São Paulo|Estádio Distrital do Jardim Inamar|15/01/2023|09:00|KIT6|Estádio Distrital do Jardim Inamar->Estádio Distrital do Jardim Inamar|0|0:00
Paulista|1|Bragantino|Corinthians|Bragança Paulista|São Paulo|Estádio Nabi Abi Chedid|15/01/2023|14:00|KIT7|Estádio Nabi Abi Chedid->Estádio Nabi Abi Chedid|0|0:00
Paulista|1|São Paulo|Ituano|São Paulo|São Paulo|Estádio Cícero Pompeu de Toledo|15/01/2023|16:30|KIT8|Estádio Cícero Pompeu de Toledo->Estádio Cícero Pompeu de Toledo|0|0:00
Paulista|2|San Bento|Santo André|Sorocaba|São Paulo|Estádio Municipal Walter Ribeiro|17/01/2023|13:30|KIT1|Estádio Municipal Walter Ribeiro->Estádio Major José Levy Sobrinho|2023-01-14 17:53:00|2:07
Paulista|2|Mirassol|Inter de Limeira|Mirassol|São Paulo|Estádio José Maria de Campos Maia|17/01/2023|17:30|KIT2|Estádio José Maria de Campos Maia->Estádio Dr. Oswaldo Teixeira Duarte|2023-01-14 18:30:00|5:30
Paulista|2|São Bernardo FC|Bragantino|São Bernardo do Campo|São Paulo|Estádio Primeiro de Maio|18/01/2023|17:00|KIT3|Estádio Primeiro de Maio->Estádio Bruno José Daniel|2023-01-15 22:36:00|0:54
Paulista|2|Corinthians|Água Santa|São Paulo|São Paulo|Neo Química Arena|18/01/2023|17:30|KIT4|Neo Química Arena->Allianz Parque|2023-01-15 19:53:00|4:07
Paulista|2|Ituano|Portuguesa|Itu|São Paulo|Estádio Municipal Dr. Novelli Júnior|18/01/2023|18:30|KIT5|Estádio Municipal Dr. Novelli Júnior->Estádio Urbano Caldeira|2023-01-15 22:05:00|2:55
Paulista|2|Guarani|Santos|Campinas|São Paulo|Estádio Brinco de Ouro da Princesa|18/01/2023|19:35|KIT6|Estádio Brinco de Ouro da Princesa->Estádio Distrital do Jardim Inamar|2023-01-16 00:09:00|1:56
Paulista|2|Ferroviária|São Paulo|Araraquara|São Paulo|Estádio Doutor Adhemar de Barros|19/01/2023|17:30|KIT7|Estádio Doutor Adhemar de Barros->Estádio Nabi Abi Chedid|2023-01-16 20:28:00|3:32
Paulista|2|Botafogo SP|Palmeiras|Ribeirão Preto|São Paulo|Estádio Santa Cruz|19/01/2023|19:30|KIT8|Estádio Santa Cruz->Estádio Cícero Pompeu de Toledo|2023-01-16 22:01:00|3:59
Paulista|3|Água Santa|San Bento|São Paulo|São Paulo|Estádio Distrital do Jardim Inamar|21/01/2023|13:00|KIT1|Estádio Municipal Walter Ribeiro->Estádio Distrital do Jardim Inamar|2023-01-18 17:22:00|2:08
Mineiro|1|Athletic Club|Tombense|São João Del Rei|Minas Gerais|Estádio Joaquim Portugal|21/01/2023|13:00|KIT2|Estádio Joaquim Portugal->Estádio José Maria de Campos Maia|2023-01-18 10:20:00|9:10
Paulista|3|Portuguesa|Bragantino|São Paulo|São Paulo|Estádio Dr. Oswaldo Teixeira Duarte|21/01/2023|13:30|KIT9|Estádio Dr. Oswaldo Teixeira Duarte->Estádio Dr. Oswaldo Teixeira Duarte|0|0:00
Paulista|3|Guarani|Ituano|Campinas|São Paulo|Estádio Brinco de Ouro da Princesa|21/01/2023|14:00|KIT6|Estádio Brinco de Ouro da Princesa->Estádio Brinco de Ouro da Princesa|2023-01-16 00:09:00|0:00
Gaucho|1|Caxias|Grêmio|Caxias do Sul|Rio Grande do Sul|Estádio Francisco Stédile|21/01/2023|14:30|KIT10|Estádio Francisco Stédile->Estádio Francisco Stédile|0|0:00
Mineiro|1|Atlético Mineiro|Caldense|Belo Horizonte|Minas Gerais|Estádio Raimundo Sampaio|21/01/2023|14:30|KIT11|Estádio Raimundo Sampaio->Estádio Raimundo Sampaio|0|0:00
Paulista|3|Inter de Limeira|Corinthians|Limeira|São Paulo|Estádio Major José Levy Sobrinho|21/01/2023|16:30|KIT12|Estádio Major José Levy Sobrinho->Estádio Major José Levy Sobrinho|0|0:00
Gaucho|1|São Luiz|Ypiranga Erechim|Ijuí|Rio Grande do Sul|Estádio 19 de Outubro|21/01/2023|17:00|KIT13|Estádio 19 de Outubro->Estádio 19 de Outubro|0|0:00
Gaucho|1|Internacional|Juventude|Porto Alegre|Rio Grande do Sul|Estádio José Pinheiro Borda|21/01/2023|17:00|KIT14|Estádio José Pinheiro Borda->Estádio José Pinheiro Borda|0|0:00
Mineiro|1|CA Patrocinense|Cruzeiro|Patrocínio|Minas Gerais|Estádio Pedro Alves do Nascimento|21/01/2023|17:00|KIT15|Estádio Pedro Alves do Nascimento->Estádio Pedro Alves do Nascimento|0|0:00
Paulista|3|Palmeiras|São Paulo|São Paulo|São Paulo|Allianz Parque|22/01/2023|14:00|KIT3|Estádio Primeiro de Maio->Allianz Parque|2023-01-19 17:18:00|3:12
Gaucho|1|Brasil de Pelotas|Aimoré|Pelotas|Rio Grande do Sul|Estádio Bento da Silva Freitas|22/01/2023|14:00|KIT4|Estádio Bento da Silva Freitas->Neo Química Arena|2023-01-19 04:16:00|16:14
Gaucho|1|Novo Hamburgo|Avenida|Novo Hamburgo|Rio Grande do Sul|Estádio do Vale|22/01/2023|14:00|KIT5|Estádio do Vale->Estádio Municipal Dr. Novelli Júnior|2023-01-19 06:56:00|13:34
Paulista|3|São Bernardo FC|Santos|São Bernardo do Campo|São Paulo|Estádio Primeiro de Maio|22/01/2023|16:30|KIT16|Estádio Primeiro de Maio->Estádio Primeiro de Maio|0|0:00
Mineiro|1|Pouso Alegre|América Mineiro|Pouso Alegre|Minas Gerais|Estádio Municipal Irmão Gino Maria Rossi|22/01/2023|16:30|KIT17|Estádio Municipal Irmão Gino Maria Rossi->Estádio Municipal Irmão Gino Maria Rossi|0|0:00
Gaucho|1|Esportivo|São José RS|Bento Gonçalves|Rio Grande do Sul|Estádio Parque Esportivo Montanha dos Vinhedos|22/01/2023|17:00|KIT18|Estádio Parque Esportivo Montanha dos Vinhedos->Estádio Parque Esportivo Montanha dos Vinhedos|0|0:00
Paulista|3|Ferroviária|Santo André|Araraquara|São Paulo|Estádio Doutor Adhemar de Barros|22/01/2023|18:30|KIT7|Estádio Doutor Adhemar de Barros->Estádio Doutor Adhemar de Barros|2023-01-16 20:28:00|0:00
Paulista|3|Botafogo SP|Mirassol|Ribeirão Preto|São Paulo|Estádio Santa Cruz|22/01/2023|18:30|KIT8|Estádio Santa Cruz->Estádio Santa Cruz|2023-01-16 22:01:00|0:00
Mineiro|1|Democrata GV|Democrata SL|Governador Valadares|Minas Gerais|Estádio José Mammoud Abbas|23/01/2023|18:30|KIT19|Estádio José Mammoud Abbas->Estádio José Mammoud Abbas|0|0:00
Gaucho|2|Juventude|São Luiz|Caxias do Sul|Rio Grande do Sul|Estádio Alfredo Jaconi|24/01/2023|17:00|KIT10|Estádio Alfredo Jaconi->Estádio Francisco Stédile|2023-01-21 22:52:00|0:38
Paulista|4|Corinthians|Guarani|São Paulo|São Paulo|Neo Química Arena|24/01/2023|18:00|KIT1|Neo Química Arena->Estádio Distrital do Jardim Inamar|2023-01-21 23:21:00|1:09
Paulista|4|Bragantino|Ferroviária|Bragança Paulista|São Paulo|Estádio Nabi Abi Chedid|25/01/2023|17:00|KIT2|Estádio Nabi Abi Chedid->Estádio Joaquim Portugal|2023-01-22 18:07:00|5:23
Gaucho|2|Avenida|Internacional|Santa Cruz do Sul|Rio Grande do Sul|Estádio dos Eucaliptos|25/01/2023|17:00|KIT4|Estádio dos Eucaliptos->Estádio Bento da Silva Freitas|2023-01-22 19:20:00|4:10
Paulista|4|Ituano|Palmeiras|Itu|São Paulo|Estádio Municipal Dr. Novelli Júnior|25/01/2023|17:30|KIT3|Allianz Parque->Estádio Municipal Dr. Novelli Júnior|2023-01-22 21:29:00|2:31
Paulista|4|Santo André|Botafogo SP|Santo André|São Paulo|Estádio Bruno José Daniel|25/01/2023|18:30|KIT6|Estádio Bruno José Daniel->Estádio Brinco de Ouro da Princesa|2023-01-22 22:35:00|2:25
Gaucho|2|Grêmio|Brasil de Pelotas|Porto Alegre|Rio Grande do Sul|Arena do Grêmio|25/01/2023|19:30|KIT5|Arena do Grêmio->Estádio do Vale|2023-01-23 01:00:00|1:00
Paulista|4|Santos|Água Santa|Santos|São Paulo|Estádio Urbano Caldeira|25/01/2023|19:35|KIT9|Estádio Urbano Caldeira->Estádio Dr. Oswaldo Teixeira Duarte|2023-01-23 00:16:00|1:49
Paulista|4|San Bento|Inter de Limeira|Sorocaba|São Paulo|Estádio Municipal Walter Ribeiro|26/01/2023|13:30|KIT7|Estádio Doutor Adhemar de Barros->Estádio Municipal Walter Ribeiro|2023-01-23 16:42:00|3:18
Gaucho|2|São José RS|Caxias|Porto Alegre|Rio Grande do Sul|Estádio Francisco Novelletto Neto|26/01/2023|17:00|KIT8|Estádio Francisco Novelletto Neto->Estádio Santa Cruz|2023-01-23 08:05:00|15:25
Gaucho|2|Ypiranga Erechim|Novo Hamburgo|Erechim|Rio Grande do Sul|Estádio Olímpico Colosso da Lagoa|26/01/2023|17:00|KIT11|Estádio Raimundo Sampaio->Estádio Olímpico Colosso da Lagoa|2023-01-23 05:04:00|18:26
Paulista|4|Mirassol|São Bernardo FC|Mirassol|São Paulo|Estádio José Maria de Campos Maia|26/01/2023|17:30|KIT12|Estádio José Maria de Campos Maia->Estádio Major José Levy Sobrinho|2023-01-23 20:06:00|3:54
Gaucho|2|Aimoré|Esportivo|São Leopoldo|Rio Grande do Sul|Estádio João Corrêa da Silveira|26/01/2023|18:30|KIT13|Estádio 19 de Outubro->Estádio João Corrêa da Silveira|2023-01-23 19:11:00|5:49
Paulista|4|São Paulo|Portuguesa|São Paulo|São Paulo|Estádio Cícero Pompeu de Toledo|26/01/2023|19:30|KIT14|Estádio José Pinheiro Borda->Estádio Cícero Pompeu de Toledo|2023-01-23 12:59:00|13:01
Mineiro|2|Cruzeiro|Athletic Club|Belo Horizonte|Minas Gerais|Estádio Raimundo Sampaio|28/01/2023|08:30|KIT1|Estádio Raimundo Sampaio->Neo Química Arena|2023-01-25 07:45:00|7:15
Mineiro|2|Democrata SL|Pouso Alegre|Sete Lagoas|Minas Gerais|Arena do Jacaré|28/01/2023|14:00|KIT10|Arena do Jacaré->Estádio Alfredo Jaconi|2023-01-25 00:05:00|20:25
Mineiro|2|Caldense|Democrata GV|Poços de Caldas|Minas Gerais|Estádio Dr. Ronaldo Junqueira|28/01/2023|14:00|KIT15|Estádio Dr. Ronaldo Junqueira->Estádio Pedro Alves do Nascimento|2023-01-25 14:11:00|6:19
Gaucho|3|Internacional|São Luiz|Porto Alegre|Rio Grande do Sul|Estádio José Pinheiro Borda|28/01/2023|14:30|KIT16|Estádio José Pinheiro Borda->Estádio Primeiro de Maio|2023-01-25 07:54:00|13:06
Paulista|5|Santos|Ferroviária|São Paulo|São Paulo|Estádio Dr. Oswaldo Teixeira Duarte|28/01/2023|16:30|KIT2|Estádio Nabi Abi Chedid->Estádio Dr. Oswaldo Teixeira Duarte|2023-01-25 21:12:00|1:48
Paulista|5|Bragantino|Santo André|Bragança Paulista|São Paulo|Estádio Nabi Abi Chedid|28/01/2023|18:00|KIT3|Estádio Municipal Dr. Novelli Júnior->Estádio Nabi Abi Chedid|2023-01-25 22:20:00|2:10
Paulista|5|Botafogo SP|Guarani|Ribeirão Preto|São Paulo|Estádio Santa Cruz|28/01/2023|18:40|KIT17|Estádio Municipal Irmão Gino Maria Rossi->Estádio Santa Cruz|2023-01-25 20:35:00|4:35
Mineiro|2|Tombense|Atlético Mineiro|Muriaé|Minas Gerais|Estádio Soares de Azevedo|29/01/2023|09:00|KIT6|Estádio Soares de Azevedo->Estádio Bruno José Daniel|2023-01-26 06:56:00|8:34
Paulista|5|Água Santa|Portuguesa|São Paulo|São Paulo|Estádio Distrital do Jardim Inamar|29/01/2023|13:00|KIT4|Estádio Distrital do Jardim Inamar->Estádio dos Eucaliptos|2023-01-26 04:12:00|15:18
Paulista|5|São Bernardo FC|San Bento|São Bernardo do Campo|São Paulo|Estádio Primeiro de Maio|29/01/2023|14:00|KIT5|Arena do Grêmio->Estádio Primeiro de Maio|2023-01-26 07:25:00|13:05
Paulista|5|Inter de Limeira|Ituano|Limeira|São Paulo|Estádio Major José Levy Sobrinho|29/01/2023|14:00|KIT7|Estádio Municipal Walter Ribeiro->Estádio Major José Levy Sobrinho|2023-01-26 18:23:00|2:07
Gaucho|3|Esportivo|Brasil de Pelotas|Bento Gonçalves|Rio Grande do Sul|Estádio Parque Esportivo Montanha dos Vinhedos|29/01/2023|14:00|KIT9|Estádio Urbano Caldeira->Estádio Parque Esportivo Montanha dos Vinhedos|2023-01-26 06:14:00|14:16
Gaucho|3|Avenida|Ypiranga Erechim|Santa Cruz do Sul|Rio Grande do Sul|Estádio dos Eucaliptos|29/01/2023|14:00|KIT18|Estádio dos Eucaliptos->Estádio Parque Esportivo Montanha dos Vinhedos|2023-01-26 17:35:00|2:55
Paulista|5|São Paulo|Corinthians|São Paulo|São Paulo|Estádio Cícero Pompeu de Toledo|29/01/2023|16:30|KIT14|Estádio Cícero Pompeu de Toledo->Estádio Cícero Pompeu de Toledo|2023-01-23 12:59:00|0:00
Mineiro|2|América Mineiro|Villa Nova|Belo Horizonte|Minas Gerais|Estádio Raimundo Sampaio|29/01/2023|16:30|KIT1|Estádio Raimundo Sampaio->Estádio Raimundo Sampaio|2023-01-25 07:45:00|0:00
Gaucho|3|Caxias|Aimoré|Caxias do Sul|Rio Grande do Sul|Estádio Francisco Stédile|29/01/2023|17:00|KIT8|Estádio Francisco Stédile->Estádio Francisco Novelletto Neto|2023-01-26 20:32:00|2:58
Gaucho|3|São José RS|Grêmio|Porto Alegre|Rio Grande do Sul|Estádio Francisco Novelletto Neto|29/01/2023|18:30|KIT13|Estádio João Corrêa da Silveira->Estádio Francisco Novelletto Neto|2023-01-26 23:48:00|1:12
Gaucho|3|Novo Hamburgo|Juventude|Novo Hamburgo|Rio Grande do Sul|Estádio do Vale|30/01/2023|18:00|KIT11|Estádio Olímpico Colosso da Lagoa->Estádio do Vale|2023-01-27 18:40:00|5:50
Gaucho|4|Aimoré|São José RS|São Leopoldo|Rio Grande do Sul|Estádio João Corrêa da Silveira|01/02/2023|17:00|KIT2|Estádio Dr. Oswaldo Teixeira Duarte->Estádio João Corrêa da Silveira|2023-01-29 09:44:00|13:46
Gaucho|4|Esportivo|Grêmio|Bento Gonçalves|Rio Grande do Sul|Estádio Parque Esportivo Montanha dos Vinhedos|01/02/2023|18:00|KIT3|Estádio Nabi Abi Chedid->Estádio Parque Esportivo Montanha dos Vinhedos|2023-01-29 09:18:00|15:12
Gaucho|4|Brasil de Pelotas|Caxias|Pelotas|Rio Grande do Sul|Estádio Bento da Silva Freitas|01/02/2023|19:30|KIT8|Estádio Bento da Silva Freitas->Estádio Francisco Stédile|2023-01-29 20:13:00|5:47
Paulista|5|Mirassol|Palmeiras|Mirassol|São Paulo|Estádio José Maria de Campos Maia|01/02/2023|19:35|KIT4|Estádio José Maria de Campos Maia->Estádio Distrital do Jardim Inamar|2023-01-29 20:35:00|5:30
Gaucho|4|Internacional|Ypiranga Erechim|Porto Alegre|Rio Grande do Sul|Estádio José Pinheiro Borda|02/02/2023|14:30|KIT1|Estádio José Pinheiro Borda->Estádio Raimundo Sampaio|2023-01-30 01:38:00|19:22
Gaucho|4|São Luiz|Novo Hamburgo|Ijuí|Rio Grande do Sul|Estádio 19 de Outubro|02/02/2023|17:00|KIT5|Estádio 19 de Outubro->Estádio Primeiro de Maio|2023-01-30 08:23:00|15:07
Gaucho|4|Juventude|Avenida|Caxias do Sul|Rio Grande do Sul|Estádio Alfredo Jaconi|02/02/2023|18:00|KIT6|Estádio Alfredo Jaconi->Estádio Soares de Azevedo|2023-01-30 02:58:00|21:32
Mineiro|3|Democrata GV|Athletic Club|Governador Valadares|Minas Gerais|Estádio José Mammoud Abbas|03/02/2023|18:30|KIT7|Estádio José Mammoud Abbas->Estádio Major José Levy Sobrinho|2023-01-31 12:58:00|12:02
Paulista|6|San Bento|Mirassol|Sorocaba|São Paulo|Estádio Municipal Walter Ribeiro|04/02/2023|13:30|KIT9|Estádio Municipal Walter Ribeiro->Estádio Parque Esportivo Montanha dos Vinhedos|2023-02-01 05:46:00|14:14
Paulista|6|Guarani|Bragantino|Campinas|São Paulo|Estádio Brinco de Ouro da Princesa|04/02/2023|14:00|KIT10|Estádio Brinco de Ouro da Princesa->Arena do Jacaré|2023-02-01 13:15:00|7:15
Paulista|6|Ferroviária|São Bernardo FC|Araraquara|São Paulo|Estádio Doutor Adhemar de Barros|04/02/2023|14:00|KIT11|Estádio do Vale->Estádio Doutor Adhemar de Barros|2023-02-01 04:54:00|15:36
Mineiro|3|Democrata SL|Villa Nova|Sete Lagoas|Minas Gerais|Arena do Jacaré|04/02/2023|14:00|KIT12|Arena do Jacaré->Estádio José Maria de Campos Maia|2023-02-01 11:05:00|9:25
Gaucho|5|Grêmio|Aimoré|Porto Alegre|Rio Grande do Sul|Arena do Grêmio|04/02/2023|14:30|KIT2|Estádio João Corrêa da Silveira->Arena do Grêmio|2023-02-01 20:00:00|1:00
Mineiro|3|América Mineiro|Cruzeiro|Brasília|Distrito Federal|Arena BRB Mané Garrincha|04/02/2023|14:30|KIT13|Estádio Francisco Novelletto Neto->Arena BRB Mané Garrincha|2023-01-31 21:46:00|23:14
Mineiro|3|Pouso Alegre|CA Patrocinense|Pouso Alegre|Minas Gerais|Estádio Municipal Irmão Gino Maria Rossi|04/02/2023|15:00|KIT14|Estádio Cícero Pompeu de Toledo->Estádio Municipal Irmão Gino Maria Rossi|2023-02-01 18:03:00|3:27
Paulista|6|Palmeiras|Santos|São Paulo|São Paulo|Estádio Cícero Pompeu de Toledo|04/02/2023|16:30|KIT15|Estádio Dr. Ronaldo Junqueira->Estádio Cícero Pompeu de Toledo|2023-02-01 19:20:00|3:40
Mineiro|3|Tombense|Caldense|Muriaé|Minas Gerais|Estádio Soares de Azevedo|04/02/2023|17:00|KIT16|Estádio Soares de Azevedo->Estádio José Pinheiro Borda|2023-02-01 01:47:00|21:43
Mineiro|3|Betim EC|Atlético Mineiro|Ipatinga|Minas Gerais|Estádio João Lamego Neto|04/02/2023|17:00|KIT17|Estádio Santa Cruz->Estádio João Lamego Neto|2023-02-01 12:55:00|10:35
Paulista|6|Ituano|Água Santa|Itu|São Paulo|Estádio Municipal Dr. Novelli Júnior|05/02/2023|09:00|KIT3|Estádio Municipal Dr. Novelli Júnior->Estádio Parque Esportivo Montanha dos Vinhedos|2023-02-02 00:54:00|14:36
Paulista|6|Santo André|São Paulo|Santo André|São Paulo|Estádio Bruno José Daniel|05/02/2023|14:00|KIT4|Estádio José Maria de Campos Maia->Estádio Bruno José Daniel|2023-02-02 14:12:00|6:18
Gaucho|5|Caxias|Esportivo|Caxias do Sul|Rio Grande do Sul|Estádio Francisco Stédile|05/02/2023|14:00|KIT1|Estádio José Pinheiro Borda->Estádio Francisco Stédile|2023-02-02 17:30:00|3:00
Paulista|6|Corinthians|Botafogo SP|São Paulo|São Paulo|Neo Química Arena|05/02/2023|16:30|KIT8|Estádio Bento da Silva Freitas->Neo Química Arena|2023-02-02 06:46:00|16:14
Gaucho|5|Ypiranga Erechim|Juventude|Erechim|Rio Grande do Sul|Estádio Olímpico Colosso da Lagoa|05/02/2023|16:30|KIT18|Estádio Olímpico Colosso da Lagoa->Estádio dos Eucaliptos|2023-02-02 18:18:00|4:42
Gaucho|5|São José RS|Brasil de Pelotas|Porto Alegre|Rio Grande do Sul|Estádio Francisco Novelletto Neto|05/02/2023|17:00|KIT19|Estádio Francisco Novelletto Neto->Estádio José Mammoud Abbas|2023-02-01 23:17:00|24:13
Gaucho|5|Avenida|São Luiz|Santa Cruz do Sul|Rio Grande do Sul|Estádio dos Eucaliptos|05/02/2023|17:00|KIT20|Estádio dos Eucaliptos->Estádio dos Eucaliptos|0|0:00
Paulista|6|Portuguesa|Inter de Limeira|São Paulo|São Paulo|Estádio Dr. Oswaldo Teixeira Duarte|05/02/2023|18:30|KIT21|Estádio Dr. Oswaldo Teixeira Duarte->Estádio Dr. Oswaldo Teixeira Duarte|0|0:00
Gaucho|5|Novo Hamburgo|Internacional|Novo Hamburgo|Rio Grande do Sul|Estádio do Vale|05/02/2023|18:30|KIT6|Estádio Alfredo Jaconi->Estádio do Vale|2023-02-02 22:49:00|2:11
Paulista|7|Mirassol|Ferroviária|Mirassol|São Paulo|Estádio José Maria de Campos Maia|07/02/2023|17:30|KIT5|Estádio 19 de Outubro->Estádio José Maria de Campos Maia|2023-02-04 07:55:00|16:05
Mineiro|4|Athletic Club|América Mineiro|São João Del Rei|Minas Gerais|Estádio Joaquim Portugal|07/02/2023|18:00|KIT7|Estádio José Mammoud Abbas->Estádio Joaquim Portugal|2023-02-04 16:16:00|8:14
Mineiro|4|Cruzeiro|Pouso Alegre|Belo Horizonte|Minas Gerais|Estádio Raimundo Sampaio|07/02/2023|19:30|KIT9|Estádio Raimundo Sampaio->Estádio Municipal Walter Ribeiro|2023-02-04 17:56:00|8:04
Gaucho|6|Novo Hamburgo|Brasil de Pelotas|Novo Hamburgo|Rio Grande do Sul|Estádio do Vale|08/02/2023|17:00|KIT1|Estádio do Vale->Estádio Francisco Stédile|2023-02-05 21:11:00|2:19
Mineiro|4|Atlético Mineiro|Democrata SL|Belo Horizonte|Minas Gerais|Estádio Raimundo Sampaio|08/02/2023|17:15|KIT2|Arena do Grêmio->Estádio Raimundo Sampaio|2023-02-05 04:09:00|19:36
Paulista|7|Bragantino|São Paulo|Bragança Paulista|São Paulo|Estádio Nabi Abi Chedid|08/02/2023|17:30|KIT3|Estádio Municipal Dr. Novelli Júnior->Estádio Nabi Abi Chedid|2023-02-05 21:50:00|2:10
Gaucho|6|São Luiz|Esportivo|Ijuí|Rio Grande do Sul|Estádio 19 de Outubro|08/02/2023|18:00|KIT10|Estádio 19 de Outubro->Estádio Brinco de Ouro da Princesa|2023-02-05 08:54:00|15:36
Mineiro|4|CA Patrocinense|Tombense|Patrocínio|Minas Gerais|Estádio Pedro Alves do Nascimento|08/02/2023|18:00|KIT11|Estádio Pedro Alves do Nascimento->Estádio Doutor Adhemar de Barros|2023-02-05 19:18:00|5:12
Mineiro|4|Caldense|Betim EC|Poços de Caldas|Minas Gerais|Estádio Dr. Ronaldo Junqueira|08/02/2023|18:00|KIT4|Estádio Dr. Ronaldo Junqueira->Estádio Bruno José Daniel|2023-02-05 20:18:00|4:12
Paulista|7|Guarani|Portuguesa|Campinas|São Paulo|Estádio Brinco de Ouro da Princesa|08/02/2023|18:30|KIT8|Estádio Brinco de Ouro da Princesa->Neo Química Arena|2023-02-05 22:49:00|2:11
Paulista|7|Botafogo SP|Ituano|Ribeirão Preto|São Paulo|Estádio Santa Cruz|08/02/2023|18:30|KIT12|Arena do Jacaré->Estádio Santa Cruz|2023-02-05 17:25:00|7:35
Mineiro|4|Villa Nova|Democrata GV|Nova Lima|Minas Gerais|Estádio Municipal Castor de Cifuentes|08/02/2023|18:30|KIT13|Arena BRB Mané Garrincha->Estádio Municipal Castor de Cifuentes|2023-02-05 15:32:00|9:28
Gaucho|6|Internacional|Caxias|Porto Alegre|Rio Grande do Sul|Estádio José Pinheiro Borda|08/02/2023|19:30|KIT6|Estádio do Vale->Estádio José Pinheiro Borda|2023-02-06 00:36:00|1:24
Paulista|7|Santos|San Bento|Santos|São Paulo|Estádio Urbano Caldeira|08/02/2023|19:35|KIT14|Estádio Urbano Caldeira->Estádio Municipal Irmão Gino Maria Rossi|2023-02-05 21:51:00|4:14
Paulista|7|Santo André|Água Santa|Santo André|São Paulo|Estádio Bruno José Daniel|09/02/2023|16:00|KIT15|Estádio Cícero Pompeu de Toledo->Estádio Bruno José Daniel|2023-02-06 20:56:00|1:34
Gaucho|6|Avenida|Aimoré|Santa Cruz do Sul|Rio Grande do Sul|Estádio dos Eucaliptos|09/02/2023|17:00|KIT16|Estádio Soares de Azevedo->Estádio dos Eucaliptos|2023-02-06 00:21:00|23:09
Gaucho|6|Ypiranga Erechim|São José RS|Erechim|Rio Grande do Sul|Estádio Olímpico Colosso da Lagoa|09/02/2023|17:00|KIT17|Estádio Olímpico Colosso da Lagoa->Estádio João Lamego Neto|2023-02-06 01:57:00|21:33
Paulista|7|Palmeiras|Inter de Limeira|São Paulo|São Paulo|Allianz Parque|09/02/2023|17:30|KIT18|Allianz Parque->Estádio Olímpico Colosso da Lagoa|2023-02-06 14:42:00|9:18
Gaucho|6|Juventude|Grêmio|Caxias do Sul|Rio Grande do Sul|Estádio Alfredo Jaconi|09/02/2023|17:30|KIT19|Estádio Francisco Novelletto Neto->Estádio Alfredo Jaconi|2023-02-06 21:07:00|2:53
Paulista|7|São Bernardo FC|Corinthians|São Bernardo do Campo|São Paulo|Estádio Primeiro de Maio|09/02/2023|19:30|KIT20|Estádio dos Eucaliptos->Estádio Primeiro de Maio|2023-02-06 10:52:00|15:08
Mineiro|5|Caldense|Villa Nova|Poços de Caldas|Minas Gerais|Estádio Dr. Ronaldo Junqueira|11/02/2023|14:00|KIT4|Estádio Dr. Ronaldo Junqueira->Estádio Dr. Ronaldo Junqueira|2023-02-05 20:18:00|0:00
Mineiro|5|América Mineiro|Democrata GV|Belo Horizonte|Minas Gerais|Estádio Raimundo Sampaio|11/02/2023|16:00|KIT2|Estádio Raimundo Sampaio->Estádio Raimundo Sampaio|2023-02-05 04:09:00|0:00
Paulista|8|Ferroviária|Botafogo SP|Araraquara|São Paulo|Estádio Doutor Adhemar de Barros|11/02/2023|16:30|KIT5|Estádio Doutor Adhemar de Barros->Estádio José Maria de Campos Maia|2023-02-08 20:29:00|2:31
Paulista|8|San Bento|Guarani|Sorocaba|São Paulo|Estádio Municipal Walter Ribeiro|11/02/2023|17:00|KIT3|Estádio Municipal Walter Ribeiro->Estádio Nabi Abi Chedid|2023-02-08 20:59:00|2:31
Gaucho|7|Esportivo|Novo Hamburgo|Bento Gonçalves|Rio Grande do Sul|Estádio Parque Esportivo Montanha dos Vinhedos|11/02/2023|17:00|KIT1|Estádio Parque Esportivo Montanha dos Vinhedos->Estádio do Vale|2023-02-08 21:13:00|2:17
Paulista|8|Bragantino|Mirassol|Bragança Paulista|São Paulo|Estádio Nabi Abi Chedid|11/02/2023|18:30|KIT7|Estádio Nabi Abi Chedid->Estádio Joaquim Portugal|2023-02-08 19:37:00|5:23
Gaucho|7|Brasil de Pelotas|Internacional|Pelotas|Rio Grande do Sul|Estádio Bento da Silva Freitas|11/02/2023|18:30|KIT9|Estádio Bento da Silva Freitas->Estádio Raimundo Sampaio|2023-02-08 02:54:00|22:06
Paulista|8|Água Santa|Palmeiras|São Paulo|São Paulo|Estádio Distrital do Jardim Inamar|12/02/2023|09:00|KIT6|Estádio José Pinheiro Borda->Estádio Distrital do Jardim Inamar|2023-02-09 02:20:00|13:10
Mineiro|5|CA Patrocinense|Athletic Club|Patrocínio|Minas Gerais|Estádio Pedro Alves do Nascimento|12/02/2023|09:00|KIT8|Estádio Pedro Alves do Nascimento->Estádio Brinco de Ouro da Princesa|2023-02-09 08:59:00|6:31
Paulista|8|Portuguesa|Corinthians|Brasília|Distrito Federal|Arena BRB Mané Garrincha|12/02/2023|14:00|KIT11|Estádio Pedro Alves do Nascimento->Arena BRB Mané Garrincha|2023-02-09 14:09:00|6:21
Gaucho|7|Caxias|São Luiz|Caxias do Sul|Rio Grande do Sul|Estádio Francisco Stédile|12/02/2023|14:00|KIT10|Estádio 19 de Outubro->Estádio Francisco Stédile|2023-02-09 14:18:00|6:12
Gaucho|7|Grêmio|Avenida|Porto Alegre|Rio Grande do Sul|Arena do Grêmio|12/02/2023|14:00|KIT12|Arena do Grêmio->Estádio Santa Cruz|2023-02-09 05:13:00|15:17
Mineiro|5|Democrata SL|Betim EC|Sete Lagoas|Minas Gerais|Arena do Jacaré|12/02/2023|14:00|KIT13|Estádio Municipal Castor de Cifuentes->Arena do Jacaré|2023-02-09 18:36:00|1:54
Mineiro|5|Pouso Alegre|Tombense|Pouso Alegre|Minas Gerais|Estádio Municipal Irmão Gino Maria Rossi|12/02/2023|15:00|KIT14|Estádio Urbano Caldeira->Estádio Municipal Irmão Gino Maria Rossi|2023-02-09 17:16:00|4:14
Paulista|8|São Paulo|Santos|São Paulo|São Paulo|Estádio Cícero Pompeu de Toledo|12/02/2023|17:00|KIT15|Estádio Cícero Pompeu de Toledo->Estádio Bruno José Daniel|2023-02-09 21:56:00|1:34
Gaucho|7|Aimoré|Ypiranga Erechim|São Leopoldo|Rio Grande do Sul|Estádio João Corrêa da Silveira|12/02/2023|17:00|KIT16|Estádio João Corrêa da Silveira->Estádio dos Eucaliptos|2023-02-09 20:41:00|2:49
Paulista|8|Inter de Limeira|Santo André|Limeira|São Paulo|Estádio Major José Levy Sobrinho|12/02/2023|18:30|KIT18|Allianz Parque->Estádio Major José Levy Sobrinho|2023-02-09 22:05:00|2:55
Gaucho|7|São José RS|Juventude|Porto Alegre|Rio Grande do Sul|Estádio Francisco Novelletto Neto|13/02/2023|18:00|KIT17|Estádio Olímpico Colosso da Lagoa->Estádio Francisco Novelletto Neto|2023-02-10 18:40:00|5:50
Mineiro|5|Cruzeiro|Atlético Mineiro|Belo Horizonte|Minas Gerais|Estádio Raimundo Sampaio|13/02/2023|18:00|KIT2|Estádio Raimundo Sampaio->Estádio Raimundo Sampaio|2023-02-05 04:09:00|0:00
Paulista|9|Botafogo SP|San Bento|Ribeirão Preto|São Paulo|Estádio Santa Cruz|14/02/2023|17:30|KIT3|Estádio Santa Cruz->Estádio Municipal Walter Ribeiro|2023-02-11 20:20:00|3:40
Paulista|9|Água Santa|Bragantino|São Paulo|São Paulo|Estádio Distrital do Jardim Inamar|15/02/2023|13:00|KIT1|Estádio Parque Esportivo Montanha dos Vinhedos->Estádio Distrital do Jardim Inamar|2023-02-12 04:53:00|14:37
Paulista|9|Guarani|São Bernardo FC|Campinas|São Paulo|Estádio Brinco de Ouro da Princesa|15/02/2023|17:30|KIT4|Estádio Brinco de Ouro da Princesa->Estádio Dr. Ronaldo Junqueira|2023-02-12 21:34:00|2:26
Paulista|9|Portuguesa|Ferroviária|São Paulo|São Paulo|Estádio Dr. Oswaldo Teixeira Duarte|15/02/2023|18:30|KIT5|Estádio Dr. Oswaldo Teixeira Duarte->Estádio Doutor Adhemar de Barros|2023-02-12 21:00:00|4:00
Paulista|9|São Paulo|Inter de Limeira|São Paulo|São Paulo|Estádio Cícero Pompeu de Toledo|15/02/2023|19:35|KIT6|Estádio Cícero Pompeu de Toledo->Estádio Distrital do Jardim Inamar|2023-02-13 01:04:00|1:01
Paulista|9|Mirassol|Ituano|Mirassol|São Paulo|Estádio José Maria de Campos Maia|16/02/2023|16:00|KIT7|Estádio José Maria de Campos Maia->Estádio Nabi Abi Chedid|2023-02-13 17:14:00|5:16
Paulista|9|Santo André|Santos|Santo André|São Paulo|Estádio Bruno José Daniel|16/02/2023|17:30|KIT8|Estádio Bruno José Daniel->Estádio Pedro Alves do Nascimento|2023-02-13 16:06:00|7:54
Gaucho|8|Novo Hamburgo|Caxias|Novo Hamburgo|Rio Grande do Sul|Estádio do Vale|16/02/2023|19:00|KIT9|Estádio do Vale->Estádio Bento da Silva Freitas|2023-02-13 21:24:00|4:06
Paulista|9|Corinthians|Palmeiras|São Paulo|São Paulo|Neo Química Arena|16/02/2023|19:30|KIT10|Estádio Francisco Stédile->Neo Química Arena|2023-02-13 12:11:00|13:49
Gaucho|8|Juventude|Aimoré|Caxias do Sul|Rio Grande do Sul|Estádio Alfredo Jaconi|16/02/2023|19:30|KIT11|Arena BRB Mané Garrincha->Estádio Alfredo Jaconi|2023-02-13 02:19:00|23:41
Gaucho|8|Internacional|São José RS|Porto Alegre|Rio Grande do Sul|Estádio José Pinheiro Borda|16/02/2023|19:30|KIT12|Arena do Grêmio->Estádio José Pinheiro Borda|2023-02-14 01:06:00|0:54
Mineiro|6|Athletic Club|Caldense|São João Del Rei|Minas Gerais|Estádio Joaquim Portugal|17/02/2023|17:30|KIT2|Estádio Raimundo Sampaio->Estádio Joaquim Portugal|2023-02-14 20:06:00|3:54
Mineiro|6|Betim EC|América Mineiro|Ipatinga|Minas Gerais|Estádio João Lamego Neto|17/02/2023|19:30|KIT13|Estádio João Lamego Neto->Arena do Jacaré|2023-02-14 21:07:00|4:53
Paulista|10|Ferroviária|Guarani|Araraquara|São Paulo|Estádio Doutor Adhemar de Barros|18/02/2023|14:00|KIT1|Estádio Distrital do Jardim Inamar->Estádio Doutor Adhemar de Barros|2023-02-15 16:29:00|4:01
Paulista|10|Inter de Limeira|Água Santa|Limeira|São Paulo|Estádio Major José Levy Sobrinho|18/02/2023|14:00|KIT3|Estádio Major José Levy Sobrinho->Estádio Santa Cruz|2023-02-15 18:10:00|2:20
Gaucho|8|São Luiz|Grêmio|Ijuí|Rio Grande do Sul|Estádio 19 de Outubro|18/02/2023|14:30|KIT14|Estádio Municipal Irmão Gino Maria Rossi->Estádio 19 de Outubro|2023-02-15 03:42:00|17:18
Mineiro|6|Atlético Mineiro|CA Patrocinense|Belo Horizonte|Minas Gerais|Estádio Raimundo Sampaio|18/02/2023|14:30|KIT15|Estádio Raimundo Sampaio->Estádio Cícero Pompeu de Toledo|2023-02-15 13:02:00|7:58
Mineiro|6|Tombense|Democrata SL|Muriaé|Minas Gerais|Estádio Soares de Azevedo|18/02/2023|15:00|KIT16|Estádio Soares de Azevedo->Estádio João Corrêa da Silveira|2023-02-15 00:07:00|21:23
Gaucho|8|Avenida|Esportivo|Santa Cruz do Sul|Rio Grande do Sul|Estádio dos Eucaliptos|18/02/2023|17:00|KIT17|Estádio Francisco Novelletto Neto->Estádio dos Eucaliptos|2023-02-15 20:41:00|2:49
Gaucho|8|Ypiranga Erechim|Brasil de Pelotas|Erechim|Rio Grande do Sul|Estádio Olímpico Colosso da Lagoa|18/02/2023|17:00|KIT18|Estádio Major José Levy Sobrinho->Estádio Olímpico Colosso da Lagoa|2023-02-15 10:49:00|12:41
Mineiro|6|Villa Nova|Cruzeiro|Nova Lima|Minas Gerais|Estádio Municipal Castor de Cifuentes|18/02/2023|17:00|KIT19|Estádio Alfredo Jaconi->Estádio Municipal Castor de Cifuentes|2023-02-15 03:30:00|20:00
Paulista|10|São Bernardo FC|Botafogo SP|São Bernardo do Campo|São Paulo|Estádio Primeiro de Maio|19/02/2023|14:00|KIT4|Estádio Brinco de Ouro da Princesa->Estádio Primeiro de Maio|2023-02-16 18:00:00|2:30
Paulista|10|Santos|Portuguesa|Santos|São Paulo|Estádio Urbano Caldeira|19/02/2023|14:00|KIT5|Estádio Urbano Caldeira->Estádio Dr. Oswaldo Teixeira Duarte|2023-02-16 18:41:00|1:49
Paulista|10|Corinthians|Mirassol|São Paulo|São Paulo|Neo Química Arena|19/02/2023|16:30|KIT6|Neo Química Arena->Estádio Cícero Pompeu de Toledo|2023-02-16 21:23:00|1:37
Paulista|10|Ituano|Santo André|Itu|São Paulo|Estádio Municipal Dr. Novelli Júnior|19/02/2023|18:40|KIT7|Estádio Municipal Dr. Novelli Júnior->Estádio José Maria de Campos Maia|2023-02-16 20:22:00|4:48
Mineiro|6|Democrata GV|Pouso Alegre|Governador Valadares|Minas Gerais|Estádio José Mammoud Abbas|20/02/2023|18:30|KIT8|Estádio Bruno José Daniel->Estádio José Mammoud Abbas|2023-02-17 12:33:00|12:27
Paulista|10|San Bento|São Paulo|Sorocaba|São Paulo|Estádio Municipal Walter Ribeiro|21/02/2023|17:30|KIT1|Estádio Doutor Adhemar de Barros->Estádio Municipal Walter Ribeiro|2023-02-18 20:42:00|3:18
Paulista|8|Ituano|São Bernardo FC|Itu|São Paulo|Estádio Municipal Dr. Novelli Júnior|22/02/2023|17:30|KIT2|Estádio Joaquim Portugal->Estádio Municipal Dr. Novelli Júnior|2023-02-19 17:04:00|6:56
Mineiro|1|Villa Nova|Betim EC|Nova Lima|Minas Gerais|Estádio Municipal Castor de Cifuentes|22/02/2023|18:30|KIT3|Estádio Municipal Castor de Cifuentes->Estádio Major José Levy Sobrinho|2023-02-19 17:11:00|7:49
Paulista|10|Palmeiras|Bragantino|São Paulo|São Paulo|Allianz Parque|22/02/2023|19:35|KIT4|Estádio Primeiro de Maio->Allianz Parque|2023-02-19 22:53:00|3:12
Mineiro|7|Caldense|Cruzeiro|Poços de Caldas|Minas Gerais|Estádio Dr. Ronaldo Junqueira|23/02/2023|14:30|KIT5|Estádio Dr. Ronaldo Junqueira->Estádio Urbano Caldeira|2023-02-20 16:23:00|4:37
Gaucho|9|Brasil de Pelotas|Avenida|Pelotas|Rio Grande do Sul|Estádio Bento da Silva Freitas|24/02/2023|18:00|KIT6|Estádio Bento da Silva Freitas->Neo Química Arena|2023-02-21 08:16:00|16:14
Gaucho|9|Grêmio|Novo Hamburgo|Porto Alegre|Rio Grande do Sul|Arena do Grêmio|24/02/2023|18:00|KIT7|Arena do Grêmio->Estádio Municipal Dr. Novelli Júnior|2023-02-21 11:15:00|13:15
Paulista|11|Água Santa|Botafogo SP|São Paulo|São Paulo|Estádio Distrital do Jardim Inamar|25/02/2023|13:00|KIT1|Estádio Municipal Walter Ribeiro->Estádio Distrital do Jardim Inamar|2023-02-22 17:22:00|2:08
Paulista|11|Bragantino|Ituano|Bragança Paulista|São Paulo|Estádio Nabi Abi Chedid|25/02/2023|14:00|KIT8|Estádio Nabi Abi Chedid->Estádio José Mammoud Abbas|2023-02-22 09:30:00|11:00
Paulista|11|Inter de Limeira|Guarani|Sorocaba|São Paulo|Estádio Municipal Walter Ribeiro|25/02/2023|14:00|KIT9|Estádio Municipal Walter Ribeiro->Estádio do Vale|2023-02-22 07:11:00|13:19
Mineiro|7|Democrata SL|Athletic Club|Sete Lagoas|Minas Gerais|Arena do Jacaré|25/02/2023|14:00|KIT10|Arena do Jacaré->Neo Química Arena|2023-02-22 12:34:00|7:56
Gaucho|9|Aimoré|Internacional|São Leopoldo|Rio Grande do Sul|Estádio João Corrêa da Silveira|25/02/2023|14:30|KIT11|Estádio João Corrêa da Silveira->Estádio Alfredo Jaconi|2023-02-22 18:30:00|2:30
Mineiro|7|Atlético Mineiro|América Mineiro|Belo Horizonte|Minas Gerais|Estádio Governador Magalhães Pinto|25/02/2023|14:30|KIT12|Estádio Governador Magalhães Pinto->Estádio José Pinheiro Borda|2023-02-22 01:30:00|19:30
Mineiro|7|CA Patrocinense|Democrata GV|Patrocínio|Minas Gerais|Estádio Pedro Alves do Nascimento|25/02/2023|16:00|KIT13|Estádio Pedro Alves do Nascimento->Estádio João Lamego Neto|2023-02-22 13:22:00|9:08
Paulista|11|São Paulo|São Bernardo FC|São Paulo|São Paulo|Estádio Cícero Pompeu de Toledo|25/02/2023|16:30|KIT2|Estádio Municipal Dr. Novelli Júnior->Estádio Cícero Pompeu de Toledo|2023-02-22 21:12:00|1:48
Paulista|11|Santos|Corinthians|Santos|São Paulo|Estádio Urbano Caldeira|26/02/2023|14:00|KIT3|Estádio Urbano Caldeira->Estádio Municipal Castor de Cifuentes|2023-02-23 12:14:00|8:16
Mineiro|7|Betim EC|Pouso Alegre|Ipatinga|Minas Gerais|Estádio João Lamego Neto|26/02/2023|14:00|KIT4|Allianz Parque->Estádio João Lamego Neto|2023-02-23 07:42:00|12:48
Paulista|11|Palmeiras|Ferroviária|São Paulo|São Paulo|Allianz Parque|26/02/2023|16:30|KIT5|Allianz Parque->Estádio Dr. Ronaldo Junqueira|2023-02-23 19:53:00|3:07
Paulista|11|Portuguesa|San Bento|São Paulo|São Paulo|Estádio Dr. Oswaldo Teixeira Duarte|26/02/2023|18:40|KIT14|Estádio 19 de Outubro->Estádio Dr. Oswaldo Teixeira Duarte|2023-02-23 10:01:00|15:09
Gaucho|9|São José RS|São Luiz|Porto Alegre|Rio Grande do Sul|Estádio Francisco Novelletto Neto|27/02/2023|17:00|KIT7|Estádio Francisco Novelletto Neto->Arena do Grêmio|2023-02-24 22:45:00|0:45
Mineiro|7|Tombense|Villa Nova|Muriaé|Minas Gerais|Estádio Soares de Azevedo|27/02/2023|17:00|KIT15|Estádio Soares de Azevedo->Estádio Raimundo Sampaio|2023-02-24 18:04:00|5:26
Paulista|11|Santo André|Mirassol|Santo André|São Paulo|Estádio Bruno José Daniel|27/02/2023|18:00|KIT16|Estádio Soares de Azevedo->Estádio Bruno José Daniel|2023-02-24 15:56:00|8:34
Gaucho|9|Caxias|Juventude|Caxias do Sul|Rio Grande do Sul|Estádio Francisco Stédile|27/02/2023|18:00|KIT17|Estádio Francisco Stédile->Estádio dos Eucaliptos|2023-02-24 20:52:00|3:38
Gaucho|9|Esportivo|Ypiranga Erechim|Bento Gonçalves|Rio Grande do Sul|Estádio Parque Esportivo Montanha dos Vinhedos|28/02/2023|18:00|KIT6|Estádio Parque Esportivo Montanha dos Vinhedos->Estádio Bento da Silva Freitas|2023-02-25 18:43:00|5:47
Mineiro|2|Betim EC|CA Patrocinense|Ipatinga|Minas Gerais|Estádio João Lamego Neto|01/03/2023|18:00|KIT1|Estádio João Lamego Neto->Estádio Distrital do Jardim Inamar|2023-02-26 13:59:00|10:31
Gaucho|10|Caxias|Ypiranga Erechim|Caxias do Sul|Rio Grande do Sul|Estádio Francisco Stédile|04/03/2023|14:30|KIT2|Estádio Francisco Stédile->Estádio Cícero Pompeu de Toledo|2023-03-01 07:37:00|13:23
Mineiro|8|Athletic Club|Betim EC|São João Del Rei|Minas Gerais|Estádio Joaquim Portugal|04/03/2023|14:30|KIT3|Estádio Urbano Caldeira->Estádio Joaquim Portugal|2023-03-01 13:45:00|7:15
Mineiro|8|Pouso Alegre|Caldense|Pouso Alegre|Minas Gerais|Estádio Municipal Irmão Gino Maria Rossi|04/03/2023|14:30|KIT4|Estádio João Lamego Neto->Estádio Municipal Irmão Gino Maria Rossi|2023-03-01 12:44:00|8:16
Mineiro|8|Villa Nova|CA Patrocinense|Nova Lima|Minas Gerais|Estádio Municipal Castor de Cifuentes|04/03/2023|14:30|KIT5|Allianz Parque->Estádio Municipal Castor de Cifuentes|2023-03-01 13:52:00|7:08
Mineiro|8|América Mineiro|Tombense|Belo Horizonte|Minas Gerais|Estádio Raimundo Sampaio|04/03/2023|14:30|KIT6|Estádio Parque Esportivo Montanha dos Vinhedos->Estádio Raimundo Sampaio|2023-03-01 00:08:00|20:52
Mineiro|8|Cruzeiro|Democrata SL|Cariacica|Espírito Santo|Estádio Kleber José de Andrade|04/03/2023|14:30|KIT7|Estádio Kleber José de Andrade->Estádio Francisco Novelletto Neto|2023-02-28 19:48:00|25:12
Mineiro|8|Democrata GV|Atlético Mineiro|Governador Valadares|Minas Gerais|Estádio José Mammoud Abbas|04/03/2023|14:30|KIT8|Estádio Nabi Abi Chedid->Estádio José Mammoud Abbas|2023-03-01 10:00:00|11:00
Paulista|12|Corinthians|Santo André|São Paulo|São Paulo|Neo Química Arena|04/03/2023|16:30|KIT9|Neo Química Arena->Estádio Municipal Walter Ribeiro|2023-03-01 20:20:00|2:40
Gaucho|10|Esportivo|Juventude|Bento Gonçalves|Rio Grande do Sul|Estádio Parque Esportivo Montanha dos Vinhedos|04/03/2023|17:00|KIT10|Arena do Jacaré->Estádio Parque Esportivo Montanha dos Vinhedos|2023-03-01 01:59:00|21:31
Gaucho|10|São José RS|Avenida|Porto Alegre|Rio Grande do Sul|Estádio Francisco Novelletto Neto|04/03/2023|17:00|KIT11|Estádio João Corrêa da Silveira->Estádio Francisco Novelletto Neto|2023-03-01 22:18:00|1:12
Gaucho|10|Brasil de Pelotas|São Luiz|Pelotas|Rio Grande do Sul|Estádio Bento da Silva Freitas|04/03/2023|19:00|KIT12|Estádio Governador Magalhães Pinto->Estádio Bento da Silva Freitas|2023-03-01 02:49:00|22:41
Paulista|12|São Bernardo FC|Água Santa|São Bernardo do Campo|São Paulo|Estádio Primeiro de Maio|05/03/2023|14:00|KIT1|Estádio Primeiro de Maio->Estádio João Lamego Neto|2023-03-02 09:38:00|10:52
Paulista|12|San Bento|Bragantino|Sorocaba|São Paulo|Estádio Municipal Walter Ribeiro|05/03/2023|14:00|KIT13|Estádio Municipal Walter Ribeiro->Estádio Pedro Alves do Nascimento|2023-03-02 13:18:00|7:12
Paulista|12|Mirassol|Portuguesa|Mirassol|São Paulo|Estádio José Maria de Campos Maia|05/03/2023|14:00|KIT14|Estádio José Maria de Campos Maia->Estádio Dr. Oswaldo Teixeira Duarte|2023-03-02 15:00:00|5:30
Paulista|12|Ituano|Santos|Itu|São Paulo|Estádio Municipal Dr. Novelli Júnior|05/03/2023|14:00|KIT15|Estádio Municipal Dr. Novelli Júnior->Estádio Soares de Azevedo|2023-03-02 10:57:00|9:33
Paulista|12|Guarani|Palmeiras|Campinas|São Paulo|Estádio Brinco de Ouro da Princesa|05/03/2023|14:00|KIT16|Estádio Bruno José Daniel->Estádio Brinco de Ouro da Princesa|2023-03-02 18:05:00|2:25
Paulista|12|Ferroviária|Inter de Limeira|Araraquara|São Paulo|Estádio Doutor Adhemar de Barros|05/03/2023|14:00|KIT17|Estádio Francisco Stédile->Estádio Doutor Adhemar de Barros|2023-03-02 04:54:00|15:36
Paulista|12|Botafogo SP|São Paulo|Ribeirão Preto|São Paulo|Estádio Santa Cruz|05/03/2023|14:00|KIT18|Estádio Olímpico Colosso da Lagoa->Estádio Santa Cruz|2023-03-02 06:56:00|13:34
Gaucho|10|Aimoré|Novo Hamburgo|São Leopoldo|Rio Grande do Sul|Estádio João Corrêa da Silveira|05/03/2023|14:00|KIT19|Estádio João Corrêa da Silveira->Estádio Municipal Castor de Cifuentes|2023-03-02 00:57:00|19:33
Gaucho|10|Grêmio|Internacional|Porto Alegre|Rio Grande do Sul|Arena do Grêmio|05/03/2023|18:00|KIT20|Arena do Grêmio->Estádio Primeiro de Maio|2023-03-02 11:25:00|13:05
Paulista|TAÇA INDEPENDÊNCIA - QUARTER-FINALS|Guarani|Portuguesa|Campinas|São Paulo|Estádio Brinco de Ouro da Princesa|10/03/2023|18:00|KIT1|Estádio Brinco de Ouro da Princesa->Estádio Primeiro de Maio|2023-03-07 22:00:00|2:30
Paulista|TAÇA INDEPENDÊNCIA - QUARTER-FINALS|Santo André|Inter de Limeira|Santo André|São Paulo|Estádio Bruno José Daniel|11/03/2023|14:00|KIT2|Estádio Bruno José Daniel->Estádio Francisco Stédile|2023-03-08 07:00:00|13:30
Gaucho|11|Avenida|Caxias|Santa Cruz do Sul|Rio Grande do Sul|Estádio dos Eucaliptos|11/03/2023|14:30|KIT3|Estádio dos Eucaliptos->Estádio Joaquim Portugal|2023-03-08 00:32:00|20:28
Gaucho|11|Juventude|Brasil de Pelotas|Caxias do Sul|Rio Grande do Sul|Estádio Alfredo Jaconi|11/03/2023|14:30|KIT4|Estádio Alfredo Jaconi->Estádio Municipal Irmão Gino Maria Rossi|2023-03-08 05:28:00|15:32
Gaucho|11|Novo Hamburgo|São José RS|Novo Hamburgo|Rio Grande do Sul|Estádio do Vale|11/03/2023|14:30|KIT5|Estádio Municipal Castor de Cifuentes->Estádio do Vale|2023-03-08 00:40:00|20:20
Gaucho|11|São Luiz|Aimoré|Ijuí|Rio Grande do Sul|Estádio 19 de Outubro|11/03/2023|14:30|KIT6|Estádio 19 de Outubro->Estádio Raimundo Sampaio|2023-03-07 23:22:00|21:38
Gaucho|11|Internacional|Esportivo|Porto Alegre|Rio Grande do Sul|Estádio José Pinheiro Borda|11/03/2023|14:30|KIT7|Estádio José Pinheiro Borda->Estádio Kleber José de Andrade|2023-03-07 19:50:00|25:10
Gaucho|11|Ypiranga Erechim|Grêmio|Erechim|Rio Grande do Sul|Estádio Olímpico Colosso da Lagoa|11/03/2023|14:30|KIT8|Estádio Olímpico Colosso da Lagoa->Estádio José Mammoud Abbas|2023-03-07 21:57:00|23:03
Mineiro|CAMPEONATO - SEMIFINALES|Cruzeiro|América Mineiro|Sete Lagoas|Minas Gerais|Arena do Jacaré|11/03/2023|14:30|KIT9|Arena do Jacaré->Neo Química Arena|2023-03-08 13:04:00|7:56
Mineiro|TROFÉU INCONFIDÊNCIA - SEMI-FINALS|Pouso Alegre|Tombense|Pouso Alegre|Minas Gerais|Estádio Municipal Irmão Gino Maria Rossi|11/03/2023|16:00|KIT10|Estádio Parque Esportivo Montanha dos Vinhedos->Estádio Municipal Irmão Gino Maria Rossi|2023-03-08 06:00:00|16:30
Paulista|CUARTOS DE FINAL|Palmeiras|São Bernardo FC|São Paulo|São Paulo|Allianz Parque|11/03/2023|17:00|KIT11|Estádio Francisco Novelletto Neto->Allianz Parque|2023-03-08 12:52:00|10:38
Paulista|CUARTOS DE FINAL|Corinthians|Ituano|São Paulo|São Paulo|Neo Química Arena|12/03/2023|14:00|KIT12|Estádio Bento da Silva Freitas->Neo Química Arena|2023-03-09 04:16:00|16:14
Mineiro|CAMPEONATO - SEMIFINALES|Athletic Club|Atlético Mineiro|São João Del Rei|Minas Gerais|Estádio Joaquim Portugal|12/03/2023|14:00|KIT13|Estádio Joaquim Portugal->Estádio Municipal Walter Ribeiro|2023-03-09 13:31:00|6:59
Paulista|CUARTOS DE FINAL|Bragantino|Botafogo SP|Bragança Paulista|São Paulo|Estádio Nabi Abi Chedid|12/03/2023|17:30|KIT14|Estádio José Maria de Campos Maia->Estádio Nabi Abi Chedid|2023-03-09 18:44:00|5:16
Paulista|CUARTOS DE FINAL|São Paulo|Água Santa|São Paulo|São Paulo|Allianz Parque|13/03/2023|18:00|KIT1|Allianz Parque->Estádio Brinco de Ouro da Princesa|2023-03-10 21:53:00|2:37
Mineiro|TROFÉU INCONFIDÊNCIA - SEMI-FINALS|Democrata GV|Villa Nova|Governador Valadares|Minas Gerais|Estádio José Mammoud Abbas|13/03/2023|18:30|KIT15|Estádio Municipal Dr. Novelli Júnior->Estádio José Mammoud Abbas|2023-03-10 12:40:00|12:20
Paulista|TAÇA INDEPENDÊNCIA - SEMI-FINALS|São Bernardo FC|Inter de Limeira|São Bernardo do Campo|São Paulo|Estádio Primeiro de Maio|16/03/2023|17:00|KIT2|Estádio Primeiro de Maio->Estádio Bruno José Daniel|2023-03-13 22:36:00|0:54
Paulista|TAÇA INDEPENDÊNCIA - SEMI-FINALS|Mirassol|Guarani|Mirassol|São Paulo|Estádio José Maria de Campos Maia|17/03/2023|18:00|KIT1|Estádio José Maria de Campos Maia->Allianz Parque|2023-03-14 17:13:00|7:17
Gaucho|SEMIFINALES|Caxias|Internacional|Caxias do Sul|Rio Grande do Sul|Estádio Francisco Stédile|18/03/2023|14:30|KIT3|Estádio Francisco Stédile->Estádio dos Eucaliptos|2023-03-15 17:22:00|3:38
Mineiro|CAMPEONATO - SEMIFINALES|Atlético Mineiro|Athletic Club|Belo Horizonte|Minas Gerais|Estádio Raimundo Sampaio|18/03/2023|14:30|KIT4|Estádio Alfredo Jaconi->Estádio Raimundo Sampaio|2023-03-15 01:02:00|19:58
Mineiro|TROFÉU INCONFIDÊNCIA - SEMI-FINALS|Tombense|Pouso Alegre|Muriaé|Minas Gerais|Estádio Soares de Azevedo|18/03/2023|16:00|KIT5|Estádio do Vale->Estádio Soares de Azevedo|2023-03-15 01:21:00|21:09
Paulista|SEMIFINALES|Palmeiras|Ituano|São Paulo|São Paulo|Allianz Parque|19/03/2023|14:00|KIT6|Allianz Parque->Estádio 19 de Outubro|2023-03-16 07:39:00|12:51
Gaucho|SEMIFINALES|Ypiranga Erechim|Grêmio|Erechim|Rio Grande do Sul|Estádio Olímpico Colosso da Lagoa|19/03/2023|14:00|KIT7|Estádio José Pinheiro Borda->Estádio Olímpico Colosso da Lagoa|2023-03-16 14:24:00|6:06
Mineiro|TROFÉU INCONFIDÊNCIA - SEMI-FINALS|Villa Nova|Democrata GV|Nova Lima|Minas Gerais|Estádio Municipal Castor de Cifuentes|19/03/2023|14:00|KIT8|Estádio Olímpico Colosso da Lagoa->Estádio Municipal Castor de Cifuentes|2023-03-16 02:04:00|18:26
Mineiro|CAMPEONATO - SEMIFINALES|América Mineiro|Cruzeiro|Belo Horizonte|Minas Gerais|Estádio Raimundo Sampaio|19/03/2023|16:00|KIT4|Estádio Raimundo Sampaio->Estádio Raimundo Sampaio|2023-03-15 01:02:00|0:00
Paulista|SEMIFINALES|Água Santa|Bragantino|Santos|São Paulo|Estádio Urbano Caldeira|20/03/2023|19:00|KIT2|Estádio Primeiro de Maio->Estádio Urbano Caldeira|2023-03-18 00:07:00|1:23
Gaucho|SEMIFINALES|Grêmio|Ypiranga Erechim|Porto Alegre|Rio Grande do Sul|Arena do Grêmio|25/03/2023|14:30|KIT1|Estádio José Maria de Campos Maia->Arena do Grêmio|2023-03-22 04:13:00|16:47
Paulista|TAÇA INDEPENDÊNCIA - FINAL|São Bernardo FC|Mirassol|São Bernardo do Campo|São Paulo|Estádio Primeiro de Maio|26/03/2023|14:00|KIT2|Estádio Primeiro de Maio->Estádio Urbano Caldeira|2023-03-23 19:07:00|1:23
Mineiro|TROFÉU INCONFIDÊNCIA - FINALS|Villa Nova|Tombense|Nova Lima|Minas Gerais|Estádio Municipal Castor de Cifuentes|26/03/2023|14:00|KIT3|Estádio Municipal Castor de Cifuentes->Estádio Francisco Stédile|2023-03-23 00:09:00|20:21
Gaucho|SEMIFINALES|Internacional|Caxias|Porto Alegre|Rio Grande do Sul|Estádio José Pinheiro Borda|26/03/2023|16:00|KIT4|Estádio José Pinheiro Borda->Estádio Raimundo Sampaio|2023-03-23 03:08:00|19:22
Gaucho|FINAL|Caxias|Grêmio|Caxias do Sul|Rio Grande do Sul|Estádio Francisco Stédile|01/04/2023|14:30|KIT1|Estádio Francisco Stédile->Arena do Grêmio|2023-03-29 18:14:00|2:46
Mineiro|CAMPEONATO - FINAL|América Mineiro|Atlético Mineiro|Belo Horizonte|Minas Gerais|Estádio Raimundo Sampaio|01/04/2023|14:30|KIT2|Estádio Raimundo Sampaio->Estádio Primeiro de Maio|2023-03-29 13:18:00|7:42
Mineiro|TROFÉU INCONFIDÊNCIA - FINALS|Tombense|Villa Nova|Muriaé|Minas Gerais|Estádio Soares de Azevedo|01/04/2023|16:00|KIT3|Estádio Municipal Castor de Cifuentes->Estádio Soares de Azevedo|2023-03-29 17:10:00|5:20
Paulista|FINAL|Água Santa|Palmeiras|Barueri|São Paulo|Arena Barueri|02/04/2023|14:00|KIT4|Arena Barueri->Estádio José Pinheiro Borda|2023-03-30 07:30:00|13:00
Gaucho|FINAL|Grêmio|Caxias|Porto Alegre|Rio Grande do Sul|Arena do Grêmio|08/04/2023|14:30|KIT1|Estádio Francisco Stédile->Arena do Grêmio|2023-04-05 18:14:00|2:46
Paulista|FINAL|Palmeiras|Água Santa|São Paulo|São Paulo|Allianz Parque|09/04/2023|14:00|KIT2|Allianz Parque->Estádio Raimundo Sampaio|2023-04-06 13:13:00|7:17
Mineiro|CAMPEONATO - FINAL|Atlético Mineiro|América Mineiro|Belo Horizonte|Minas Gerais|Estádio Governador Magalhães Pinto|09/04/2023|14:30|KIT3|Estádio Governador Magalhães Pinto->Estádio Soares de Azevedo|2023-04-06 15:42:00|5:18
